{"cameraMode":{"drawMode":0,"name":"Shaded","section":"Shading Mode"},"sceneLighting":false,"audioPlay":false,"sceneViewState":{"m_AlwaysRefresh":false,"showFog":true,"showSkybox":false,"showFlares":true,"showImageEffects":true,"showParticleSystems":true,"showVisualEffectGraphs":true,"m_FxEnabled":true},"in2DMode":false,"pivot":{"x":-1.2336492538452149,"y":1.6527457237243653,"z":-1.1646970510482789},"rotation":{"x":0.0019634359050542118,"y":0.7650883197784424,"z":0.002280398504808545,"w":-0.6439394950866699},"size":4.018070220947266,"orthographic":false}